关键词,归属页面,候选模式,已知量级,月搜索量,KD,CPC,Top10最低2站DR均值,DR差值,SERP弱度,判断
search console tool,P0-1,核心词,11.2表约8100,,,,,,,
google search console tool,P0-1,核心词,11.2表390,,,,,,,
search console tools,P0-1,复数变体,,,,,,,,
free search console tool,P0-1,免费修饰,,,,,,,,
search console alternative,P0-1,替代词,,,,,,,,
search console insights alternative,P0-1,替代词,,,,,,,,
analyze search console data,P0-1,动作词,,,,,,,,
search console data analysis tool,P0-1,动作词,,,,,,,,
export search console data,P0-1,动作词,,,,,,,,
impressions but no clicks,P0-1,症状描述★,,,,,,,,
high impressions low clicks,P0-1,症状描述★,,,,,,,,
impressions but no clicks search console,P0-1,症状描述★,,,,,,,,
lots of impressions no clicks,P0-1,症状描述★,,,,,,,,
why do i have impressions but no clicks,P0-1,问题式★,,,,,,,,
google search console impressions no clicks,P0-1,症状描述★,,,,,,,,
low ctr seo,P0-1,症状描述,,,,,,,,
low click through rate google search console,P0-1,症状描述,,,,,,,,
how to improve ctr in search console,P0-1,问题式,,,,,,,,
improve organic ctr,P0-1,动作词,,,,,,,,
ctr optimization tool,P0-1,工具词,,,,,,,,
increase ctr seo,P0-1,动作词,,,,,,,,
striking distance keywords tool,P0-1,行业黑话+工具,,,,,,,,
page 2 keywords,P0-1,通俗替代★,,,,,,,,
keywords on page 2 of google,P0-1,通俗替代★,,,,,,,,
almost ranking keywords,P0-1,通俗替代,,,,,,,,
position 11-20 keywords,P0-1,精确描述,,,,,,,,
find seo opportunities,P0-1,动作词,,,,,,,,
seo opportunity finder,P0-1,工具词,,,,,,,,
easy seo wins,P0-1,通俗替代,,,,,,,,
quick seo wins tool,P0-1,工具词,,,,,,,,
internal link checker,P0-2a,核心词★已验证可打,11.2表 seodata140/google_us450,,,,,,,
internal link checker free,P0-2a,免费修饰,11.2表有,,,,,,,
free internal link checker,P0-2a,免费修饰倒装,,,,,,,,
internal link checker tool,P0-2a,工具后缀,11.2表有,,,,,,,
internal link checker extension,P0-2a,形态修饰,11.2表有,,,,,,,
internal link checker chrome extension,P0-2a,形态修饰,,,,,,,,
broken internal link checker,P0-2a,子功能,11.2表有,,,,,,,
broken internal links,P0-2a,子功能,,,,,,,,
check internal links,P0-2a,动作词,,,,,,,,
find internal links,P0-2a,动作词,,,,,,,,
how to check internal links,P0-2a,问题式,,,,,,,,
internal link analysis tool,P0-2a,同义工具词,,,,,,,,
internal link analyzer,P0-2a,同义工具词,,,,,,,,
internal linking tool,P0-2a,同义工具词,,,,,,,,
internal link audit,P0-2a,同义工具词,,,,,,,,
internal linking audit tool,P0-2a,同义工具词,,,,,,,,
internal link structure analyzer,P0-2a,同义工具词,,,,,,,,
internal link mapping tool,P0-2a,同义工具词,,,,,,,,
internal link visualization,P0-2a,呈现形态,,,,,,,,
internal link graph,P0-2a,呈现形态,,,,,,,,
internal link report,P0-2a,产出物,,,,,,,,
internal link opportunities,P0-2a,机会向,,,,,,,,
website internal link checker,P0-2a,前缀扩展,,,,,,,,
site internal link analysis,P0-2a,前缀扩展,,,,,,,,
orphan pages checker,P0-2b,核心词★已验证可打,11.2表有,,,,,,,
orphan page checker,P0-2b,单数变体,,,,,,,,
free orphan page checker,P0-2b,免费修饰,,,,,,,,
orphan pages finder,P0-2b,同义,11.2表有,,,,,,,
orphan page finder,P0-2b,单数变体,报告≈0,,,,,,,
orphan url finder,P0-2b,同义,,,,,,,,
find orphan pages,P0-2b,动作词,,,,,,,,
how to find orphan pages,P0-2b,问题式★,,,,,,,,
detect orphan pages,P0-2b,动作词,,,,,,,,
orphan pages screaming frog,P0-2b,竞品关联,11.2表有,,,,,,,
orphan pages without screaming frog,P0-2b,竞品规避★Reddit实证,,,,,,,,
find orphan pages without screaming frog,P0-2b,竞品规避★,,,,,,,,
orphan pages seo,P0-2b,品类词,,,,,,,,
orphan content seo,P0-2b,品类词,,,,,,,,
how to fix orphan pages,P0-2b,问题式,,,,,,,,
orphan pages google search console,P0-2b,工具关联,,,,,,,,
pages with no internal links,P0-2b,白话描述★,,,,,,,,
find pages with no internal links,P0-2b,白话描述★,,,,,,,,
unlinked pages checker,P0-2b,同义,,,,,,,,
why is my website traffic dropping,P0-3,核心问题词,11.2表有,,,,,,,
why is my organic traffic down,P0-3,核心问题词,11.2表有,,,,,,,
why is my website getting no traffic,P0-3,核心问题词,11.2表有,,,,,,,
traffic drop after google update,P0-3,归因式,11.2表有,,,,,,,
sudden drop in website traffic,P0-3,症状描述,,,,,,,,
sudden drop in organic traffic,P0-3,症状描述,,,,,,,,
organic traffic drop analysis,P0-3,动作词,,,,,,,,
website traffic drop checker,P0-3,工具词,,,,,,,,
seo traffic drop diagnosis,P0-3,工具词,,,,,,,,
how to diagnose traffic drop,P0-3,问题式,,,,,,,,
traffic drop troubleshooting,P0-3,动作词,,,,,,,,
traffic dropped but rankings same,P0-3,精确症状★差异化,,,,,,,,
rankings same but traffic down,P0-3,精确症状★差异化,,,,,,,,
clicks dropped impressions same,P0-3,精确症状★差异化,,,,,,,,
impressions up clicks down,P0-3,精确症状★差异化,,,,,,,,
why did my rankings drop,P0-3,问题式,,,,,,,,
lost organic traffic,P0-3,症状描述,,,,,,,,
organic traffic decline causes,P0-3,归因式,,,,,,,,
core update traffic drop,P0-3,归因式,,,,,,,,
seasonal traffic drop seo,P0-3,归因式,,,,,,,,
ai overview traffic loss,P0-3,AIO归因★新兴,,,,,,,,
ai overviews killing traffic,P0-3,AIO归因★新兴,,,,,,,,
traffic loss from ai overviews,P0-3,AIO归因★新兴,,,,,,,,
google ai overview impact on traffic,P0-3,AIO归因★新兴,,,,,,,,
did ai overviews cause my traffic drop,P0-3,AIO问题式★,,,,,,,,
seo audit,P0-4,核心词,11.2表约8100,,,,,,,
free seo audit,P0-4,免费修饰,,,,,,,,
free seo audit tool,P0-4,免费+工具,11.2表有,,,,,,,
seo audit tool,P0-4,工具后缀,,,,,,,,
website audit tool,P0-4,同义,11.2表2400,,,,,,,
website audit,P0-4,同义,11.2表约6600,,,,,,,
free seo audit report generator,P0-4,产出物,11.2表有,,,,,,,
free website seo checker,P0-4,同义,,,,,,,,
seo checker free online,P0-4,同义,,,,,,,,
instant seo audit,P0-4,速度修饰,,,,,,,,
quick seo check,P0-4,速度修饰,,,,,,,,
seo audit no sign up,P0-4,零门槛★差异化,,,,,,,,
free seo audit without signup,P0-4,零门槛★差异化,,,,,,,,
seo audit without login,P0-4,零门槛★差异化,,,,,,,,
seo score checker,P0-4,产出物,,,,,,,,
website seo score,P0-4,产出物,,,,,,,,
check seo of a website,P0-4,动作词,,,,,,,,
one page seo audit,P0-4,单页向对应矩阵#37,,,,,,,,
single page seo checker,P0-4,单页向,,,,,,,,
technical seo checker,P0-4,技术向对应矩阵#38,,,,,,,,
website health checker seo,P0-4,产品内名对应,,,,,,,,
site health score seo,P0-4,产品内名对应,,,,,,,,
competitor seo audit tool,P0-4,竞品向★差异化,,,,,,,,
audit competitor website seo,P0-4,竞品向★差异化,,,,,,,,
seo audit for small business website,P0-4,细分受众,,,,,,,,
keyword research tool,P0-5a,核心词红海,11.2表12100,,,,,,,
free keyword research tool,P0-5a,免费修饰,11.2表约9900,,,,,,,
keyword research tool free,P0-5a,语序变体,11.2表约9900,,,,,,,
keyword research tool without login,P0-5a,零门槛★,,,,,,,,
free keyword tool no signup,P0-5a,零门槛★,,,,,,,,
keyword finder free,P0-5a,同义,,,,,,,,
keyword ideas from website,P0-5a,从URL出发★核心差异化,,,,,,,,
find keywords from website url,P0-5a,从URL出发★核心差异化,,,,,,,,
keyword suggestions from url,P0-5a,从URL出发★核心差异化,,,,,,,,
generate keywords from website,P0-5a,从URL出发★核心差异化,,,,,,,,
keywords from a website,P0-5a,从URL出发★,,,,,,,,
ai keyword research tool,P0-5a,AI修饰,,,,,,,,
ai keyword generator,P0-5a,AI修饰,,,,,,,,
low competition keyword finder,P0-5a,DR0友好★,,,,,,,,
find low competition keywords,P0-5a,DR0友好★,,,,,,,,
easy to rank keywords finder,P0-5a,DR0友好★,,,,,,,,
keyword difficulty checker free,P0-5a,子功能,,,,,,,,
keyword research for saas,P0-5a,细分受众,,,,,,,,
keyword research for small business,P0-5a,细分受众,,,,,,,,
affordable keyword research tool,P0-5a,价格向,报告Vol100,,,,,,,
keyword clustering tool,P0-5b,核心词★已验证可打,11.2表720,,,,,,,
keyword clustering tool free,P0-5b,免费修饰,11.2表有,,,,,,,
free keyword clustering tool,P0-5b,语序变体,,,,,,,,
best keyword clustering tool,P0-5b,最佳向,11.2表170/CPC42.7,,,,,,,
keyword grouping tool,P0-5b,同义★,,,,,,,,
keyword grouper,P0-5b,同义,,,,,,,,
group keywords by intent,P0-5b,动作词,,,,,,,,
cluster keywords by search intent,P0-5b,动作词,,,,,,,,
semantic keyword clustering,P0-5b,方法修饰,,,,,,,,
serp based keyword clustering,P0-5b,方法修饰,,,,,,,,
ai keyword clustering,P0-5b,方法修饰,,,,,,,,
how to cluster keywords,P0-5b,问题式,,,,,,,,
bulk keyword grouping,P0-5b,规模修饰,,,,,,,,
keyword cannibalization checker,P0-5b,关联问题★高价值,,,,,,,,
keyword cannibalization tool,P0-5b,关联问题★高价值,,,,,,,,
find keyword cannibalization,P0-5b,关联问题★,,,,,,,,
topic cluster tool,P0-5c,核心词,11.2表50,,,,,,,
free topic cluster tool,P0-5c,免费修饰,11.2表有,,,,,,,
ai topic cluster tool generator,P0-5c,AI修饰,11.2表有,,,,,,,
topic cluster generator,P0-5c,同义,,,,,,,,
content cluster tool,P0-5c,同义,,,,,,,,
topical map generator,P0-5c,新兴术语★,,,,,,,,
topical map seo,P0-5c,新兴术语★,,,,,,,,
topical authority map,P0-5c,新兴术语★,,,,,,,,
pillar page tool,P0-5c,子概念,,,,,,,,
content hub planner,P0-5c,同义,,,,,,,,
seo content map generator,P0-5c,同义,,,,,,,,
site structure generator seo,P0-5c,产出物,,,,,,,,
gengrowth,主页,品牌词,,,,,,,,
gengrowth ai,主页,品牌词,,,,,,,,
gengrowth seo,主页,品牌词,,,,,,,,
free seo tools,主页,品类词,,,,,,,,
free seo tools online,主页,品类词,,,,,,,,
free seo tools no signup,主页,零门槛★,,,,,,,,
all in one seo tool,主页,定位词,,,,,,,,
seo workflow tool,主页,定位词★差异化,,,,,,,,
seo project management tool,主页,定位词★差异化,,,,,,,,
seo tools for beginners,主页,受众词,主表450/KD7,,,,,,,
seo tools for small business,主页,受众词,主表600/KD5,,,,,,,
affordable seo tools,主页,价格向,主表900/KD15/弱,,,,,,,
cheap seo tools,主页,价格向,,,,,,,,
semrush alternative,主页,替代词,报告3600/KD12,,,,,,,
ahrefs alternative,主页,替代词,报告600/KD10,,,,,,,
semrush alternative free,主页,替代词,主表450/KD7,,,,,,,
free alternatives to semrush,主页,替代词,主表250/KD3,,,,,,,
cheaper alternative to ahrefs,主页,替代词,,,,,,,,
ai seo tool,主页,AI/GEO向,,,,,,,,
ai seo tools free,主页,AI/GEO向,,,,,,,,
geo seo tool,主页,GEO向★新兴,,,,,,,,
ai search optimization tool,主页,GEO向★新兴,,,,,,,,
generative engine optimization tool,主页,GEO向★新兴,,,,,,,,
